index,url,valid,domain,title,description,image,published,archive,content,quote,language,keyword
https://rpnradio.com/bacolod-86-minute-ash-emission-activity-logged-at-kanlaon/,https://rpnradio.com/bacolod-86-minute-ash-emission-activity-logged-at-kanlaon/,0,rpnradio.com,Bacolod: 86-minute ash emission activity logged at Kanlaon,"BACOLOD CITY – As Alert Level 3 remains hoisted over Kanlaon Volcano, the Philippine Institute of Volcanology and Seismology (PHIVOLCS) recorded another ash emission event that lasted 86 minutes, as of midnight of March 29. In an advisory issued recently, PHI…",https://rpnradio.com/wp-content/uploads/2025/04/86-min-ash.jpg,2025-04-01T01:09:35Z,,"BACOLOD CITY – As Alert Level 3 remains hoisted over Kanlaon Volcano, the Philippine Institute of Volcanology and Seismology (PHIVOLCS) recorded another ash emission event that lasted 86 minutes, as … [+865 chars]",,en,'volcano alert'
https://freerepublic.com/focus/f-chat/4308062/posts,https://freerepublic.com/focus/f-chat/4308062/posts,0,freerepublic.com,"This Week in Volcano News; Azores Volcanic Earthquake Swarm, Kirishima Might Erupt","This week, an unusually strong earthquake swarm occurred at an Azores volcano which last erupted a little over 300 years ago. Meanwhile, in Japan, the alert level was raised at the Kirishima volcano, suggesting an increased risk that it may soon erupt. And, i…",,2025-04-01T05:05:20Z,,"Skip to comments.
This Week in Volcano News; Azores Volcanic Earthquake Swarm, Kirishima Might EruptYouTube ^
 | March 31, 2025
 | GeologyHub
Posted on 03/31/2025 10:05:20 PM PDT by SunkenCiv
Th… [+1757 chars]",,en,'volcano'
https://abcnews.go.com/Technology/wireStory/authorities-iceland-evacuate-southwestern-town-blue-lagoon-spa-120362523,https://abcnews.go.com/Technology/wireStory/authorities-iceland-evacuate-southwestern-town-blue-lagoon-spa-120362523,0,abcnews.go.com,"Authorities in Iceland evacuate town, Blue Lagoon spa over fear of volcanic eruption",Authorities evacuated a town and Blue Lagoon spa in southwestern Iceland on Tuesday as a volcano threatened to erupt for the eighth time,https://s.abcnews.com/images/US/abc_news_default_2000x2000_update_16x9_992.jpg,2025-04-01T09:06:58Z,https://web.archive.org/web/20250401130650/https://abcnews.go.com/Technology/wireStory/authorities-iceland-evacuate-southwestern-town-blue-lagoon-spa-120362523,"LONDON -- Authorities evacuated a town and the Blue Lagoon spa in southwestern Iceland on Tuesday as a volcano threatened to erupt for the eighth time.
Magma began flowing at a volcano near the town… [+466 chars]",,en,'volcano erupt'
https://www.dw.com/en/iceland-evacuates-blue-lagoon-amid-volcano-threat/a-72103749,https://www.dw.com/en/iceland-evacuates-blue-lagoon-amid-volcano-threat/a-72103749,0,www.dw.com,Iceland evacuates Blue Lagoon amid volcano threat,"Magma flows have begun at a volcano near Iceland's capital, causing authorities to evacuate nearby communities. The meteorological office says an imminent eruption is likely. Icelandic authorities evacuated the town of Grindavik and the nearby Blue Lagoon spa…",https://static.dw.com/image/70839482_6.jpg,2025-04-01T09:35:00Z,,Icelandic authorities evacuated the town of Grindavik and the nearby Blue Lagoon spa after magma flows and a series of small earthquakes in the region appeared to indicate that a volcano there could … [+1231 chars],,en,'volcano'
https://www.dw.com/en/iceland-evacuates-blue-lagoon-amid-volcano-eruption/a-72103749,https://www.dw.com/en/iceland-evacuates-blue-lagoon-amid-volcano-eruption/a-72103749,0,www.dw.com,Iceland evacuates Blue Lagoon amid volcano eruption,"Lava has begun flowing from a volcano near Iceland's capital, after authorities began evacuating nearby communities. The meteorological office said an eruption is underway after previously warning of the threat. A volcano in southwest Iceland has started spew…",https://static.dw.com/image/70839482_6.jpg,2025-04-01T09:35:00Z,,"A volcano in southwest Iceland has started spewing lava in the eighth eruption to hit the region since the end of 2023.
The Icelandic Meteorological Office (IMO) said ""an eruption has started on the… [+1128 chars]",,en,'lava volcano'
https://www.huffpost.com/entry/iceland-volcano-blue-lagoon-grindavik_n_67ebb9d9e4b0d9a17eccbc92,https://www.huffpost.com/entry/iceland-volcano-blue-lagoon-grindavik_n_67ebb9d9e4b0d9a17eccbc92,0,www.huffpost.com,Iceland's Blue Lagoon Spa And Nearby Town Evacuated Over Volcanic Eruption Fears,Magma began flowing at a volcano near the town of Grindavik.,https://img.huffingtonpost.com/asset/67ebbaa915000025000abaf8.jpeg?cache=Tc1Ihsva7s&ops=1200_630,2025-04-01T10:08:47Z,,"LONDON (AP) Authorities evacuated a town and the Blue Lagoon spa in southwestern Iceland on Tuesday as a volcano threatened to erupt for the eighth time.
Magma began flowing at a volcano near the to… [+1605 chars]",,en,'magma volcano'
https://biztoc.com/x/161748478b179220,https://biztoc.com/x/161748478b179220,0,biztoc.com,"Volcano erupts near Grindavik, Iceland","A volcano erupted near Grindavik, Iceland, on Tuesday, prompting authorities to urge the evacuation of a nearby community and the Blue Lagoon spa. According to the country's Meteorological Office, the...",https://biztoc.com/cdn/161748478b179220_s.webp,2025-04-01T10:33:56Z,,"A volcano erupted near Grindavik, Iceland, on Tuesday, prompting authorities to urge the evacuation of a nearby community and the Blue Lagoon spa. According to the country's Meteorological Office, th… [+69 chars]",,en,'volcano erupt'
https://www.independent.ie/world-news/europe/towns-and-blue-lagoon-evacuated-as-dormant-volcano-begins-to-erupt-in-iceland/a880288200.html,https://www.independent.ie/world-news/europe/towns-and-blue-lagoon-evacuated-as-dormant-volcano-begins-to-erupt-in-iceland/a880288200.html,0,www.independent.ie,Towns and Blue Lagoon evacuated as dormant volcano begins to erupt in Iceland,"A volcano began erupting in south-western Iceland on Tuesday, just hours after authorities evacuated a nearby community and the Blue Lagoon spa.",https://focus.independent.ie/thumbor/2u-PPUcvL9T4HzQOqR_YN7Rr6aI=/0x0:3219x2145/629x0/prod-mh-ireland/173c2838-4efb-46d1-afe3-6ecd9678dd8b/ca5b0d22-c533-4b78-a318-7733c8510f5f/173c2838-4efb-46d1-afe3-6ecd9678dd8b.jpg,2025-04-01T10:55:20Z,http://archive.md/20250401105709/https://www.independent.ie/world-news/europe/towns-and-blue-lagoon-evacuated-as-dormant-volcano-begins-to-erupt-in-iceland/a880288200.html,"A volcano began erupting in south-western Iceland on Tuesday, just hours after authorities evacuated a nearby community and the Blue Lagoon spa.Flames and smoke shot through the air as the volcanic f… [+740 chars]",,en,'volcano'
https://www.nbcnews.com/news/world/volcano-iceland-reykjavik-reykjanes-grindavik-eruption-rcna199030,https://www.nbcnews.com/news/world/volcano-iceland-reykjavik-reykjanes-grindavik-eruption-rcna199030,0,www.nbcnews.com,Volcano spews lava and smoke as it erupts in Iceland,"A volcano erupted south of Iceland’s capital Tuesday, spewing lava and smoke in a fiery display that triggered evacuations, although air traffic continued.","https://media-cldnry.s-nbcnews.com/image/upload/t_nbcnews-fp-1200-630,f_auto,q_auto:best/rockcms/2025-04/250401-iceland-volcano-mb-1341-11c529.jpg",2025-04-01T12:44:58Z,http://archive.md/20250401140744/https://www.nbcnews.com/news/world/volcano-iceland-reykjavik-reykjanes-grindavik-eruption-rcna199030,"A volcano erupted again to the south of Icelands capital on Tuesday, spewing lava and smoke in a fiery display of orange and red that triggered some evacuations, although air traffic continued as nor… [+1154 chars]",,en,'volcano'
https://nypost.com/2025/04/01/world-news/iceland-volcano-erupts-forcing-thousands-to-evacuate/,https://nypost.com/2025/04/01/world-news/iceland-volcano-erupts-forcing-thousands-to-evacuate/,0,nypost.com,"Iceland volcano erupts, forcing thousands to evacuate — including from the popular tourist destination Blue Lagoon",A volcano on Iceland's Reykjanes Peninsula began erupting Tuesday morning.,https://nypost.com/wp-content/uploads/sites/2/2025/04/newspress-collage-zbgea3r18-1743512750798.jpg?quality=75&strip=all&1743498400&w=1024,2025-04-01T13:14:39Z,https://web.archive.org/web/20250401140924/https://nypost.com/2025/04/01/world-news/iceland-volcano-erupts-forcing-thousands-to-evacuate/,"A volcano on Iceland’s Reykjanes Peninsula began erupting Tuesday morning.
State media reported that the nearby town of Grindavik was evacuated. 
One of Iceland’s most popular tourist destinations,… [+1263 chars]",,en,'volcano erupt'
https://www.aljazeera.com/news/2025/4/1/iceland-volcano-erupts-forcing-tourists-and-residents-to-evacuate,https://www.aljazeera.com/news/2025/4/1/iceland-volcano-erupts-forcing-tourists-and-residents-to-evacuate,0,www.aljazeera.com,"Iceland volcano erupts, forcing tourists and residents to evacuate","Lava penetrates protective barriers near Grindavik, a fishing town on a southwestern peninsula also evacuated last year.",https://www.aljazeera.com/wp-content/uploads/2025/04/2025-04-01T112211Z_738102133_RC2ZODA0EJN9_RTRMADP_3_ICELAND-VOLCANO-1743513241.jpg?resize=1920%2C1153,2025-04-01T13:53:53Z,,"A volcano has erupted south of Icelands capital, Reykjavik, spewing lava and smoke in a fiery display that had earlier triggered the evacuation of tourists and residents although air traffic continue… [+2009 chars]",,en,'volcano evacuation'
https://en.protothema.gr/2025/04/01/volcano-eruption-in-iceland-preventive-evacuation-of-the-area/,https://en.protothema.gr/2025/04/01/volcano-eruption-in-iceland-preventive-evacuation-of-the-area/,0,en.protothema.gr,Volcano eruption in Iceland – Preventive evacuation of the area,"The authorities had ordered the precautionary evacuation of the Grindavik area, while road access to and from the city remains closed
The post Volcano eruption in Iceland – Preventive evacuation of the area appeared first on ProtoThema English.",https://en.protothema.gr/wp-content/uploads/2025/04/ifaisteio-islandia-1.jpg-1.jpg,2025-04-01T14:05:52Z,,"A volcanic eruption occurred Tuesday morning (1/4) on the Reykjanes Peninsula in the southwestern Iceland, a few hours after the evacuation of the small town of Grindavik and the famous Blue Lagoon t… [+836 chars]",,en,'volcano'
https://www.pbs.org/newshour/world/volcano-begins-erupting-in-southwestern-iceland-hours-after-a-nearby-town-and-spa-are-evacuated,https://www.pbs.org/newshour/world/volcano-begins-erupting-in-southwestern-iceland-hours-after-a-nearby-town-and-spa-are-evacuated,0,www.pbs.org,Volcano begins erupting in southwestern Iceland hours after a nearby town and spa are evacuated,"The town of Grindavik, located on the Reykjanes Peninsula, was largely evacuated a year ago when the volcano came to life after lying dormant for 800 years.",https://d3i6fh83elv35t.cloudfront.net/static/2025/04/2025-04-01T112215Z_1609269318_RC2ZODABZ1WZ_RTRMADP_3_ICELAND-VOLCANO-1024x577.jpg,2025-04-01T14:33:47Z,https://web.archive.org/web/20250401145118/https://www.pbs.org/newshour/world/volcano-begins-erupting-in-southwestern-iceland-hours-after-a-nearby-town-and-spa-are-evacuated,"LONDON (AP) A volcano began erupting in southwestern Iceland on Tuesday, just hours after authorities evacuated a nearby community and a geothermal spa, one of Iceland’s biggest tourist attractions.… [+1430 chars]",,en,'volcano'
https://www.abc.net.au/news/2025-04-02/volcano-erupts-in-iceland-triggering-tourist-evacuation/105125020,https://www.abc.net.au/news/2025-04-02/volcano-erupts-in-iceland-triggering-tourist-evacuation/105125020,0,www.abc.net.au,Iceland town and Blue Lagoon spa evacuated after volcano erupts,A volcanic eruption in Iceland has triggered an evacuation near the nation's capital.,https://live-production.wcms.abc-cdn.net.au/35a58f9a7718cf13f290fd85cba5c16c?impolicy=wcms_watermark_news&cropH=2296&cropW=4082&xPos=0&yPos=380&width=862&height=485&imformat=generic,2025-04-01T14:50:40Z,https://web.archive.org/web/20250402015900/https://www.abc.net.au/news/2025-04-02/volcano-erupts-in-iceland-triggering-tourist-evacuation/105125020,"A volcano has erupted near Iceland's capital, spewing lava and smoke, and triggering the evacuation of tourists and residents. 
Referred to as a land of ice and fire for its many glaciers and volcan… [+1728 chars]",,en,'volcano'
https://nypost.com/video/incredible-footage-shows-icelandic-lava-spewing-into-the-air/,https://nypost.com/video/incredible-footage-shows-icelandic-lava-spewing-into-the-air/,0,nypost.com,Incredible footage shows Icelandic lava spewing into the air,"A volcano on Iceland’s Reykjanes Peninsula began erupting on April 1. State media reported that the nearby town of Grindavik was evacuated. One of Iceland’s most popular tourist destinations, the Blue Lagoon geothermal spa, posted on its website that it was t…",https://nypost.com/wp-content/uploads/sites/2/2025/04/wp-thumb_LAVA.jpg?quality=90&strip=all&w=1024,2025-04-01T16:32:23Z,https://web.archive.org/web/20250401173720/https://nypost.com/video/incredible-footage-shows-icelandic-lava-spewing-into-the-air/,"A volcano on Icelands Reykjanes Peninsula began erupting on April 1.
State media reported that the nearby town of Grindavik was evacuated.
One of Icelands most popular tourist destinations, the Blu… [+102 chars]",,en,'lava volcano'
https://www.bbc.com/news/videos/clyw49yjgl9o,https://www.bbc.com/news/videos/clyw49yjgl9o,0,www.bbc.com,Watch: Iceland volcano spews lava and smoke after erupting,"People are being evacuated as a volcano erupts in south-west Iceland, threatening a town.",https://ichef.bbci.co.uk/news/1024/branded_news/6c0f/live/0cab0a20-0f0e-11f0-ac9f-c37d6fd89579.jpg,2025-04-01T17:50:39Z,https://web.archive.org/web/20250401180737/https://www.bbc.com/news/videos/clyw49yjgl9o,"Tourists and residents of a town in south-west Iceland have been evacuated after a volcanic eruption.
The volcano is close to the fishing town of Grindavik and the famous Blue Lagoon spa, which is a… [+331 chars]",,en,'volcano'
https://www.thejournal.ie/town-and-spa-evacuated-as-formerly-dormant-volcano-erupts-in-iceland-6665265-Apr2025/,https://www.thejournal.ie/town-and-spa-evacuated-as-formerly-dormant-volcano-erupts-in-iceland-6665265-Apr2025/,0,www.thejournal.ie,Town and spa evacuated as formerly dormant volcano erupts in Iceland,Flames and smoke shot through the air as the volcanic fissure opened near the town of Grindavik.,https://img2.thejournal.ie/article/6665265/river/?height=400&version=6665271,2025-04-01T18:45:28Z,https://web.archive.org/web/20250401193818/https://www.thejournal.ie/town-and-spa-evacuated-as-formerly-dormant-volcano-erupts-in-iceland-6665265-Apr2025/,"A VOLCANO BEGAN erupting in south-western Iceland today, just hours after authorities evacuated a nearby community and the Blue Lagoon spa.
Flames and smoke shot through the air as the volcanic fiss… [+732 chars]",,en,'volcano erupt'
https://www.discovermagazine.com/the-sciences/space-volcanoes-tell-the-explosive-history-of-mars-venus-and-multiple-moons,https://www.discovermagazine.com/the-sciences/space-volcanoes-tell-the-explosive-history-of-mars-venus-and-multiple-moons,0,www.discovermagazine.com,"Space Volcanoes Tell the Explosive History of Mars, Venus, and Multiple Moons","Take a tour of the space volcanoes on other planets and moons across the Solar System, and find out how they differ from Earth's volcanoes.",https://images.ctfassets.net/cnu0m8re1exe/6wIR7J08TxIzjGtyE9iXAr/c1d49a67af25086434d3d8b7356bf396/Olympus-Mons.jpg,2025-04-01T22:00:00Z,https://web.archive.org/web/20250401220455/https://www.discovermagazine.com/the-sciences/space-volcanoes-tell-the-explosive-history-of-mars-venus-and-multiple-moons,"While volcanoes have brought profound changes to landscapes here on Earth, volcanic activity on other planets and moons has followed a different path. It's easy to imagine space volcanoes as even mor… [+4698 chars]",,en,'volcano'
https://www.bostonherald.com/2025/04/01/iceland-volcano/,https://www.bostonherald.com/2025/04/01/iceland-volcano/,0,www.bostonherald.com,Volcano erupts in southwestern Iceland,The eruption triggered warning sirens in the town of Grindavik.,https://www.bostonherald.com/wp-content/uploads/2025/04/APTOPIX_Iceland_Volcano_04702.jpg?w=1024&h=767,2025-04-01T22:30:47Z,,"By MARCO Di MARCO
GRINDAVIK, Iceland (AP) — A volcano in southwestern Iceland that has erupted repeatedly for more than a year again belched lava and smoke into the air on Tuesday, just hours after … [+1511 chars]",,en,'volcano'
https://www.independent.ie/world-news/europe/residents-flee-after-latest-icelandic-volcano-eruption-threatens-town/a1031589942.html,https://www.independent.ie/world-news/europe/residents-flee-after-latest-icelandic-volcano-eruption-threatens-town/a1031589942.html,0,www.independent.ie,Residents flee after latest Icelandic volcano eruption threatens town,"A volcanic eruption restarted in Iceland, with lava flow threatening the already severely damaged fishing town Grindavik.",https://focus.independent.ie/thumbor/DamdE425VjnoY-CN_UJwuqKey4s=/629x460/smart/prod-mh-ireland/f8a1236d-8cb4-43e8-af19-8713c497da7a/56a40c4b-f3cc-41c2-9584-e282d9dc59c0/ICELAND%20Vo%20%287%29.jpg,2025-04-02T01:30:00Z,,"A volcanic eruption restarted in Iceland, with lava flow threatening the already severely damaged fishing town Grindavik.
An eruption, the eighth on the same volcanic rift since late 2023, started a… [+237 chars]",,en,'volcano'
https://ahouseinthehills.com/top-ecuador-landmarks-you-cant-miss/,https://ahouseinthehills.com/top-ecuador-landmarks-you-cant-miss/,0,ahouseinthehills.com,Top 23 Ecuador Landmarks You Can’t Miss,"Ecuador is a beautiful country full of amazing places to visit, but it can be hard to know where to start. From the unique animals of the Galapagos Islands to giant volcanoes and old ruins, there’s so much to see. If you love history, nature, or wildlife, Ecu…",https://04164096.rocketcdn.me/wp-content/uploads/2025/04/ecuador-landmark.png,2025-04-02T07:13:27Z,,"Ecuador is a beautiful country full of amazing places to visit, but it can be hard to know where to start.
From the unique animals of the Galapagos Islands to giant volcanoes and old ruins, theres s… [+12782 chars]",,en,'volcano'
https://pypi.org/project/verl/0.3.0.post1/,https://pypi.org/project/verl/0.3.0.post1/,0,pypi.org,verl 0.3.0.post1,verl: Volcano Engine Reinforcement Learning for LLM,,2025-04-02T17:33:04Z,,"A required part of this site couldnt load. This may be due to a browser
 extension, network issues, or browser settings. Please check your
 connection, disable any ad blockers, or try using a diffe… [+12 chars]",,en,'volcano'
https://petapixel.com/2025/04/02/photographers-beautiful-self-portraits-embrace-volcanoes-and-glaciers/,https://petapixel.com/2025/04/02/photographers-beautiful-self-portraits-embrace-volcanoes-and-glaciers/,0,petapixel.com,Photographer’s Beautiful Self-Portraits Embrace Volcanoes and Glaciers,"Anna Isabella Christensen is a photographer whose self-portraits depict the contrast between the fragile human form and the raw beauty of Iceland's volcanic eruptions, glaciers, and Northern lights.
[Read More]",https://petapixel.com/assets/uploads/2025/04/Anna-Isabella-Spotlight-PetaPixel-BG.jpg,2025-04-02T19:58:31Z,,"Anna Isabella Christensen is a photographer whose self-portraits depict the contrast between the fragile human form and the raw beauty of Iceland’s volcanic eruptions, glaciers, and Northern lights.… [+6763 chars]",,en,'volcano erupt'
https://rpnradio.com/bacolod-more-ash-eruptions-logged-at-kanlaon-volcano/,https://rpnradio.com/bacolod-more-ash-eruptions-logged-at-kanlaon-volcano/,0,rpnradio.com,Bacolod: More ash eruptions logged at Kanlaon Volcano,"Bacolod City – Restiveness of Kanlaon Volcano continues, as the Philippine Institute of Volcanology and Seismology (PHIVOLCS) recorded four ash eruptions recently. The series of four eruptions, starting at 5:57 a.m. of April 1, generated grayish plumes that r…",https://rpnradio.com/wp-content/uploads/2025/04/more-ash-eruption.jpg,2025-04-03T01:35:15Z,,"Bacolod City – Restiveness of Kanlaon Volcano continues, as the Philippine Institute of Volcanology and Seismology (PHIVOLCS) recorded four ash eruptions recently.
The series of four eruptions, star… [+1758 chars]",,en,'ash volcano'
https://www.bbc.com/news/videos/cql6rnyqy6xo,https://www.bbc.com/news/videos/cql6rnyqy6xo,0,www.bbc.com,Indonesia volcano eruption creates huge column of ash,"Mount Marapi erupted on Thursday, sending a column of ash towering into the sky.",https://ichef.bbci.co.uk/news/1024/branded_news/3ef4/live/a5b0b6d0-10a7-11f0-ba12-8d27eb561761.jpg,2025-04-03T16:36:31Z,http://archive.md/20250403204226/https://www.bbc.com/news/videos/cql6rnyqy6xo,"Indonesia's Mount Marapi erupted on Thursday, sending a column of ash 1.5km (4,900ft) above its peak. 
Timelapse CCTV footage captured the ash rising into the sky. 
The eruption has been rated at l… [+230 chars]",,en,'volcano'
https://rpnradio.com/bacolod-light-ashfall-sulfuric-odor-reported-in-5-barangays/,https://rpnradio.com/bacolod-light-ashfall-sulfuric-odor-reported-in-5-barangays/,0,rpnradio.com,"Bacolod: Light ashfall, sulfuric odor reported in 5 barangays","The Office of the Civil Defense – Negros Island Region has prohibited entry into the extended 6-kilometer Permanent Danger Zone (PDZ) of Kanlaon Volcano for “unnecessary activities,” even during the allowed window period from 6 a.m. to 4 p.m. That is due to t…",https://rpnradio.com/wp-content/uploads/2025/04/ash-sulfur-smell.jpg,2025-04-04T00:53:18Z,https://web.archive.org/web/20250404224904/https://rpnradio.com/bacolod-light-ashfall-sulfuric-odor-reported-in-5-barangays/,"The Office of the Civil Defense Negros Island Region has prohibited entry into the extended 6-kilometer Permanent Danger Zone (PDZ) of Kanlaon Volcano for unnecessary activities, even during the allo… [+1467 chars]",,en,'ash volcano'
https://www.gadgets360.com/science/news/massive-steam-plume-spotted-at-alaska-s-mount-spurr-as-volcano-may-erupt-soon-8040074,https://www.gadgets360.com/science/news/massive-steam-plume-spotted-at-alaska-s-mount-spurr-as-volcano-may-erupt-soon-8040074,0,www.gadgets360.com,Massive Steam Plume Spotted at Alaska’s Mount Spurr as Volcano May Erupt Soon,"A significant steam plume has been observed at Alaska’s Mount Spurr, suggesting rising volcanic activity. The Alaska Volcano Observatory confirmed increased gas emissions from the summit and northern flank of the volcano, though no major change in earthquake …",https://i.gadgets360cdn.com/large/Art_4_full_1743248465265.jpg,2025-04-04T17:56:01Z,,"A large steam plume has been seen emerging from Mount Spurr in Alaska, signalling increased volcanic activity. Images shared by the Alaska Volcano Observatory (AVO) on March 28 confirmed steam and ga… [+1616 chars]",,en,'volcano'
https://www.thestranger.com/climate-issue-2025/2025/04/04/79998085/an-illustrated-guide-to-prepping,https://www.thestranger.com/climate-issue-2025/2025/04/04/79998085/an-illustrated-guide-to-prepping,0,www.thestranger.com,An Illustrated Guide to Prepping,"Print our recipe for pigeon and save it in your bunker!
 
 by Charles Mudede
 
 
 
 Illustrations by Mike Merg
After years of living with little to no perturbation beneath a live volcano and above the super-threatening Seattle Fault and seeing the violence of…",https://media1.fdncms.com/stranger/imager/u/large/79998120/mudede-prepper-5-credit-mike-merg.png,2025-04-04T18:37:00Z,,"Illustrations by Mike Merg
After years of living with little to no perturbation beneath a live volcano and above the super-threatening Seattle Fault and seeing the violence of anthropogenic weather … [+5742 chars]",,en,'volcano'
https://www.staradvertiser.com/2025/04/06/travel/36-hours-in-hilo/,https://www.staradvertiser.com/2025/04/06/travel/36-hours-in-hilo/,0,www.staradvertiser.com,36 Hours in Hilo | Honolulu Star-Advertiser,"Hilo sits between the sea, the often snow-capped summit of Mauna Kea and the smoldering Kilauea volcano. Twice ravaged by tsunamis in the last century, this nostalgic harbor town boasts both black sand beaches and waterfalls. While Hawaii’s sunnier destinatio…",https://www.staradvertiser.com/wp-content/uploads/2025/04/web1_36-HOURS-HILO-1-2.jpg,2025-04-06T10:05:00Z,https://web.archive.org/web/20250406112817/https://www.staradvertiser.com/2025/04/06/travel/36-hours-in-hilo/,"Hilo sits between the sea, the often snow-capped summit of Mauna Kea and the smoldering Kilauea volcano. Twice ravaged by tsunamis in the last century, this nostalgic harbor town boasts both black sa… [+7453 chars]",,en,'volcano'
https://rpnradio.com/bacolod-ashfall-reported-anew-in-4-brgys/,https://rpnradio.com/bacolod-ashfall-reported-anew-in-4-brgys/,0,rpnradio.com,Bacolod: Ashfall reported anew in 4 brgys,"BACOLOD CITY – The Philippine Institute of Volcanology and Seismology reported light ashfall in four barangays of La Castellana and La Carlota City in Negros Occidental, as it has logged multiple ash eruptions since April 1. In an advisory issued over-the-wee…",https://rpnradio.com/wp-content/uploads/2025/04/ashfall-at-kanlaon.jpg,2025-04-07T01:25:42Z,https://web.archive.org/web/20250407040113/https://rpnradio.com/bacolod-ashfall-reported-anew-in-4-brgys/,"BACOLOD CITY – The Philippine Institute of Volcanology and Seismology reported light ashfall in four barangays of La Castellana and La Carlota City in Negros Occidental, as it has logged multiple ash… [+1828 chars]",,en,'ash volcano'
https://slashdot.org/firehose.pl?op=view&amp;id=176949035,https://slashdot.org/firehose.pl?op=view&amp;id=176949035,0,slashdot.org,"Beneath the ocean, a volcano reveals thousands of giant eggs—still alive. - Farmingdale Observer","Beneath the ocean, a volcano reveals thousands of giant eggs&mdash;still alive.Farmingdale Observer...",,2025-04-07T02:12:13Z,,The Fine Print: The following comments are owned by whoever posted them. We are not responsible for them in any way.,,en,'ash volcano'
https://www.wftv.com/news/local/guests-can-now-experience-volcano-bay-under-stars/VP6GEYOBM5DL7BVSVL4OUKVZSM/,https://www.wftv.com/news/local/guests-can-now-experience-volcano-bay-under-stars/VP6GEYOBM5DL7BVSVL4OUKVZSM/,0,www.wftv.com,Guests can now experience Volcano Bay under the stars,Guests can now experience Volcano Bay under the starswftv.com,https://cmg-cmg-tv-10070-prod.cdn.arcpublishing.com/resizer/v2/https%3A%2F%2Fcloudfront-us-east-1.images.arcpublishing.com%2Fcmg%2FH5NUVP4IZBCMHFNLHHXXMWBQMA.jpg?auth=891ef9c65f8414ccdc2efcdcb7bb5844af8f2c1bc613366305117dc0dca64c1a&width=1200&height=630&smart=true,2025-04-07T14:44:35Z,,"ORLANDO, Fla. — Universal Orlandos Volcano Bay resort will begin offering exclusive nighttime experiences for guests to enjoy some of their favorite water attractions and more at the tropical oasis.… [+1172 chars]",,en,'volcano'
https://www.techpowerup.com/335165/modulus-demo-available-now-on-steam-happy-volcano-devs-discuss-creative-process,https://www.techpowerup.com/335165/modulus-demo-available-now-on-steam-happy-volcano-devs-discuss-creative-process,0,www.techpowerup.com,"(PR) Modulus Demo Available Now on Steam, Happy Volcano Devs Discuss Creative Process","Hey Module Makers, and welcome to a special edition of the Modulus Dev Log! We've got big news: the Modulus demo is officially live! If you've been waiting to dive into our factory automation sandbox, now's the perfect time to jump in, start optimizing, and l…",https://www.techpowerup.com/img/HUb8HVIBEhN3ZStP.jpg,2025-04-07T17:06:30Z,,"Hey Module Makers, and welcome to a special edition of the Modulus Dev Log! We've got big news: the Modulus demo is officially live! If you've been waiting to dive into our factory automation sandbox… [+5544 chars]",,en,'volcano'
https://bleedingcool.com/games/modulus-has-released-a-new-free-demo-on-steam/,https://bleedingcool.com/games/modulus-has-released-a-new-free-demo-on-steam/,0,bleedingcool.com,Modulus Has Released a New Free Demo On Steam,"Indie game developer Happy Volcano and publisher Astra Logical have released a free demo for their upcoming game Modulus. In case you haven't checked this one out, this is a factory automation title that puts you in charge of cutting, coloring, stamping, and …",https://bleedingcool.com/wp-content/uploads/2025/04/Modulus-Key-Art-2000x1125.jpg,2025-04-07T17:13:07Z,,"Posted in: Games, Indie Games, Video Games | Tagged: Astra Logical, Happy Volcano, Modulus
Modulus has a brand new free demo available right now, as you can try out the factory automation game and u… [+2347 chars]",,en,'volcano'
https://www.polygon.com/theme-parks/553995/epic-universe-tour-nintendo-harry-potter-dragon-photos,https://www.polygon.com/theme-parks/553995/epic-universe-tour-nintendo-harry-potter-dragon-photos,0,www.polygon.com,I went to Universal’s new $7 billion Epic Universe park — here’s what I saw,"We’re less than two months away from the grand opening of Epic Universe, the brand-new park at the Universal Orlando Resort. Originally announced in 2019, the park, which joins the existing Universal Studios, Islands of Adventure, and Volcano Bay and is estim…",https://platform.polygon.com/wp-content/uploads/sites/2/2025/04/IMG_4777.jpg?quality=90&strip=all&crop=0%2C15.095986038394%2C100%2C69.808027923211&w=1200,2025-04-07T22:03:20Z,https://web.archive.org/web/20250408134204/https://www.polygon.com/theme-parks/553995/epic-universe-tour-nintendo-harry-potter-dragon-photos,"We’re less than two months away from the grand opening of Epic Universe, the brand-new park at the Universal Orlando Resort. Originally announced in 2019, the park, which joins the existing Universal… [+8531 chars]",,en,'volcano'
https://www.channelnewsasia.com/asia/kanlaon-volcano-philippines-eruption-sends-ash-miles-air-5050636,https://www.channelnewsasia.com/asia/kanlaon-volcano-philippines-eruption-sends-ash-miles-air-5050636,0,www.channelnewsasia.com,Volcano in Philippines sends ash miles into the air,"MANILA: A volcano in the central Philippines erupted early on Tuesday (Apr 8) morning, sending a plume of ash 4,000m into the sky and prompting calls for local school cancellations. Kanlaon Volcano, one of 24 active volcanoes in the Southeast Asian nation, er…","https://dam.mediacorp.sg/image/upload/s--FRpKUgkc--/fl_relative,g_south_east,l_mediacorp:cna:watermark:2024-04:reuters_1,w_0.1/f_auto,q_auto/c_fill,g_auto,h_676,w_1200/v1/mediacorp/cna/image/2025/04/08/2025-04-08t004844z_3_lop495007042025rp1_rtrmadp_baseimage-960x540_philippines-volcano.jpg?itok=JrGTanJg",2025-04-08T01:49:26Z,,"Videos posted on social media showed a wide, billowing plume of smoke slowly stretching into the sky.
""We were prepared for the eruption. The families within the 4km to 6km were already evacuated du… [+960 chars]",,en,'volcano'
https://www.abc.net.au/news/2025-04-08/kanlaon-volcano-erupts-in-philippines/105150562,https://www.abc.net.au/news/2025-04-08/kanlaon-volcano-erupts-in-philippines/105150562,0,www.abc.net.au,Ash soars kilometres into air as Philippines volcano erupts,"Kanlaon Volcano, one of 24 active volcanoes in the Philippines, has erupted, with social media videos showing a plume of ash rising into the sky.",https://live-production.wcms.abc-cdn.net.au/f799235b566d90df70f7fbf3f6269260?impolicy=wcms_watermark_news&cropH=390&cropW=693&xPos=0&yPos=8&width=862&height=485&imformat=generic,2025-04-08T02:07:44Z,,"A volcano in the central Philippines has erupted, sending a plume of ash 4,000 metres into the sky and prompting calls for local school cancellations.
Kanlaon Volcano, one of 24 active volcanoes in … [+1951 chars]",,en,'volcano'
https://abcnews.go.com/International/wireStory/philippine-volcano-spews-ash-plume-sky-prompting-school-120581803,https://abcnews.go.com/International/wireStory/philippine-volcano-spews-ash-plume-sky-prompting-school-120581803,0,abcnews.go.com,"Philippine volcano spews ash plume into the sky, prompting school closures","A restive Philippine volcano has erupted briefly on a central island, sending a 2.4-mile plume of ash and debris into the sky and forcing authorities to suspend classes in four villages due to ashfall",https://i.abcnewsfe.com/a/d0f7b71c-a50a-49a0-ae9e-e051b8c2f0ee/wirestory_c1335c4802c9f73f951d504e9deb82d3_16x9.jpg?w=1600,2025-04-08T02:22:14Z,,"MANILA, Philippines -- A restive Philippine volcano briefly erupted Tuesday on a central island, sending a 4-kilometer (2.4-mile) plume of ash and debris into the sky and forcing authorities to suspe… [+1587 chars]",,en,'volcano'
https://uk.news.yahoo.com/explosive-eruption-mount-kanlaon-prompts-023022813.html,https://uk.news.yahoo.com/explosive-eruption-mount-kanlaon-prompts-023022813.html,0,uk.news.yahoo.com,Explosive Eruption of Mount Kanlaon Prompts Evacuation,"The Kanlaon Volcano on Negros Island in the Philippines erupted on Tuesday, April 8, accompanied by 14 volcanic earthquakes, prompting the Philippine...",https://s.yimg.com/ny/api/res/1.2/oJRvouNLpqvUh33J2HYN_w--/YXBwaWQ9aGlnaGxhbmRlcjt3PTEyMDA7aD02NzU-/https://cf-images.us-east-1.prod.boltdns.net/v1/jit/6415665815001/340e955a-a9c3-43d4-a697-988630c24592/main/1280x720/37s514ms/match/image.jpg,2025-04-08T02:30:22Z,,"The Kanlaon Volcano on Negros Island in the Philippines erupted on Tuesday, April 8, accompanied by 14 volcanic earthquakes, prompting the Philippine Institute of Volcanology and Seismology (PHIVOLCS… [+606 chars]",,en,'volcano'
https://rpnradio.com/bacolod-kanlaon-volcano-still-emitting-ash/,https://rpnradio.com/bacolod-kanlaon-volcano-still-emitting-ash/,0,rpnradio.com,Bacolod: Kanlaon Volcano still emitting ash,"Two more ash emissions were recorded on April 5 at Kanlaon Volcano in Negros Island, according to the Philippine Institute of Volcanology and Seismology (PHIVOLCS) recently. The ash emissions lasted between 13 to 24 minutes, with PHIVOLCS also logging 12 volc…",https://rpnradio.com/wp-content/uploads/2025/04/kanlaon-emitting-ash.jpg,2025-04-08T03:02:14Z,,"Two more ash emissions were recorded on April 5 at Kanlaon Volcano in Negros Island, according to the Philippine Institute of Volcanology and Seismology (PHIVOLCS) recently.
The ash emissions lasted… [+352 chars]",,en,'ash volcano'
https://www.aljazeera.com/program/newsfeed/2025/4/8/video-shows-eruption-of-volcano-in-the-philippines,https://www.aljazeera.com/program/newsfeed/2025/4/8/video-shows-eruption-of-volcano-in-the-philippines,0,www.aljazeera.com,Video shows eruption of volcano in the Philippines,Timelapse video shows a cloud of ash pouring skywards during a volcanic eruption on Mount Kanlaon in the Philippines,https://www.aljazeera.com/wp-content/uploads/2025/04/image-1744102406.jpg?resize=1920%2C1080&quality=80,2025-04-08T08:57:27Z,,"NewsFeed
Timelapse video shows a cloud of ash pouring skywards during a volcanic eruption on Mount Kanlaon in the Philippines, where authorities advised residents to remain outside the designated da… [+9 chars]",,en,'volcano'
https://www.newsweek.com/philippines-kanlaon-volcano-eruption-video-map-2056724,https://www.newsweek.com/philippines-kanlaon-volcano-eruption-video-map-2056724,0,www.newsweek.com,Philippines' Kanlaon Volcano: Timelapse Video Shows Explosive Eruption,The volcano's eruption sent an ash plume nearly 2 miles into the air.,https://d.newsweek.com/en/full/2622987/mount-kanlaon-volcano-eruption-philippines.png,2025-04-08T11:23:56Z,,"A powerful eruption of Mount Kanlaon in the central Philippines on Monday sent ash and hot gases soaring nearly 2 miles into the sky, prompting evacuations, school closures and a curfew in surroundin… [+4330 chars]",,en,'ash volcano'
https://biztoc.com/x/51619cdd3efa57e9,https://biztoc.com/x/51619cdd3efa57e9,0,biztoc.com,Philippines' Kanlaon Volcano: Timelapse Video Shows Explosive Eruption,The volcano's eruption sent an ash plume nearly 2 miles into the air.,https://biztoc.com/cdn/928/og.png,2025-04-08T11:27:51Z,,"The volcano's eruption sent an ash plume nearly 2 miles into the air.
This story appeared on newsweek.com, 2025-04-08 11:23:56.",,en,'ash volcano'
https://www.cbsnews.com/news/kanlaon-volcano-eruption-philippines-ash-miles-air/,https://www.cbsnews.com/news/kanlaon-volcano-eruption-philippines-ash-miles-air/,0,www.cbsnews.com,Volcano eruption in the Philippines sends ash miles into the air,The area around Kanlaon Volcano in the Philippines was still under evacuation orders from an eruption in December​.,https://assets3.cbsnewsstatic.com/hub/i/r/2025/04/08/9446cd9c-6bd8-42ee-b26a-6214dd0a398d/thumbnail/1200x630g2/0bd9ebd46ec7da5e865dd5b6a903b0c4/ap25098408099045.jpg?v=7613930c2bdb7d1bf55be910a9b022f2,2025-04-08T18:29:57Z,,"A volcano in the central Philippines erupted early Tuesday morning, sending a plume of ash about 2.5 miles into the sky and forcing authorities to suspend school in four villages due to ashfall.
The… [+3279 chars]",,en,'volcano erupt'
https://slashdot.org/firehose.pl?op=view&amp;id=176966235,https://slashdot.org/firehose.pl?op=view&amp;id=176966235,0,slashdot.org,Volcano eruption in the Philippines sends ash miles into the air - AOL.com,"Volcano eruption in the Philippines sends ash miles into the airAOL.com Kanlaon Volcano eruption in the Philippines today sends ash miles into the airCBS News Philippine volcano spews ash plume into the sky, prompting school closuresABC News Philippines' Kanl…",,2025-04-08T20:32:56Z,,The Fine Print: The following comments are owned by whoever posted them. We are not responsible for them in any way.,,en,'ash volcano'
https://freerepublic.com/focus/f-chat/4309831/posts,https://freerepublic.com/focus/f-chat/4309831/posts,0,freerepublic.com,"Geologists Uncover the World’s “Largest Lithium Deposit” Under American Supervolcano, Worth 413 Billion Euros","A vast, ancient crater in the western United States may be home to one of the most significant mineral discoveries of the century. Published in the journal Science Advances, researchers have identified a geological formation beneath this site that could drama…",,2025-04-09T00:20:03Z,,"Skip to comments.
Geologists Uncover the Worlds Largest Lithium Deposit Under American Supervolcano, Worth 413 Billion EurosIRD via MSN ^
 | 04 06 2025
 | Arezki.A
Posted on 04/08/2025 5:20:03 PM… [+3546 chars]",,en,'volcano'
https://rpnradio.com/bacolod-new-relocation-site-eyed-for-la-castellana-volcano-evacuees/,https://rpnradio.com/bacolod-new-relocation-site-eyed-for-la-castellana-volcano-evacuees/,0,rpnradio.com,Bacolod: New Relocation Site Eyed for La Castellana Volcano Evacuees,BACOLOD CITY – La Castellana Mayor Alme Rhummyla Nicor-Mangilimutan said the proposed relocation site for residents displaced by the Kanlaon Volcano eruption was disapproved by the Mines and Geosciences Bureau. Mangilimutan told reporters over the weekend tha…,https://rpnradio.com/wp-content/uploads/2025/04/New-Relocation-Site-Eyed-for-La-Castellana-Volcano-Evacuees-w.jpg,2025-04-09T02:50:53Z,,BACOLOD CITY La Castellana Mayor Alme Rhummyla Nicor-Mangilimutan said the proposed relocation site for residents displaced by the Kanlaon Volcano eruption was disapproved by the Mines and Geoscience… [+1761 chars],,en,'volcano'
